cedula,mac,edad,sexo,idtienda,nombre,catalogo,monto,descuento,fecha
3,,, ,1,Samsung                       ,Electronicos                  ,345,0,2019/06/24 00:00:00.000
3,,, ,1,Samsung                       ,Electronicos                  ,382,0,2019/06/22 00:00:00.000
3,,, ,2,Levi                          ,Ropa                          ,150,0,2019/06/23 00:00:00.000
3,,, ,2,Levi                          ,Ropa                          ,498,25,2019/06/24 00:00:00.000
3,,, ,4,EPA                           ,Electrodomesticos             ,187,0,2019/06/23 00:00:00.000
3,,, ,7,CM                            ,Mercado                       ,700,70,2019/06/22 00:00:00.000
3,,, ,9,OtraTienda                    ,Accesorios                    ,955,115,2019/06/23 00:00:00.000
4,,41,M,2,Levi                          ,Ropa                          ,76,0,2019/07/02 00:00:00.000
4,,41,M,2,Levi                          ,Ropa                          ,623,62,2019/07/01 00:00:00.000
4,,41,M,5,TCL                           ,Libros                        ,582,29,2019/07/01 00:00:00.000
4,,41,M,10,Toys                          ,Juguetes                      ,707,71,2019/07/01 00:00:00.000
4,,41,M,10,Toys                          ,Juguetes                      ,847,102,2019/07/02 00:00:00.000
7,6363718,, ,1,Samsung                       ,Electronicos                  ,337,0,2019/07/10 00:00:00.000
7,6363718,, ,2,Levi                          ,Ropa                          ,342,0,2019/07/10 00:00:00.000
7,6363718,, ,2,Levi                          ,Ropa                          ,927,111,2019/07/05 00:00:00.000
7,6363718,, ,4,EPA                           ,Electrodomesticos             ,39,0,2019/07/05 00:00:00.000
7,6363718,, ,6,M.A.C.                        ,Perfumes                      ,596,30,2019/07/09 00:00:00.000
7,6363718,, ,7,CM                            ,Mercado                       ,276,0,2019/07/04 00:00:00.000
7,6363718,, ,8,MueblesINC                    ,Muebles                       ,995,119,2019/07/10 00:00:00.000
15,1092514,, ,2,Levi                          ,Ropa                          ,594,30,2019/06/30 00:00:00.000
15,1092514,, ,3,Vans                          ,Zapatos                       ,307,0,2019/06/29 00:00:00.000
15,1092514,, ,4,EPA                           ,Electrodomesticos             ,715,72,2019/06/30 00:00:00.000
15,1092514,, ,5,TCL                           ,Libros                        ,805,97,2019/06/29 00:00:00.000
15,1092514,, ,7,CM                            ,Mercado                       ,818,98,2019/06/30 00:00:00.000
17,,43,F,2,Levi                          ,Ropa                          ,261,0,2019/07/08 00:00:00.000
17,,43,F,3,Vans                          ,Zapatos                       ,123,0,2019/07/07 00:00:00.000
17,,43,F,3,Vans                          ,Zapatos                       ,329,0,2019/07/08 00:00:00.000
17,,43,F,3,Vans                          ,Zapatos                       ,972,117,2019/07/07 00:00:00.000
17,,43,F,10,Toys                          ,Juguetes                      ,682,68,2019/06/22 00:00:00.000
18,8593772,, ,1,Samsung                       ,Electronicos                  ,833,100,2019/06/29 00:00:00.000
18,8593772,, ,1,Samsung                       ,Electronicos                  ,876,105,2019/06/30 00:00:00.000
18,8593772,, ,6,M.A.C.                        ,Perfumes                      ,674,67,2019/06/29 00:00:00.000
18,8593772,, ,7,CM                            ,Mercado                       ,124,0,2019/06/30 00:00:00.000
18,8593772,, ,9,OtraTienda                    ,Accesorios                    ,622,62,2019/06/30 00:00:00.000
21,4172186,60,M,1,Samsung                       ,Electronicos                  ,976,117,2019/07/02 00:00:00.000
21,4172186,60,M,2,Levi                          ,Ropa                          ,584,29,2019/07/03 00:00:00.000
21,4172186,60,M,4,EPA                           ,Electrodomesticos             ,753,75,2019/06/26 00:00:00.000
21,4172186,60,M,5,TCL                           ,Libros                        ,455,23,2019/06/25 00:00:00.000
21,4172186,60,M,7,CM                            ,Mercado                       ,106,0,2019/07/02 00:00:00.000
21,4172186,60,M,10,Toys                          ,Juguetes                      ,35,0,2019/07/03 00:00:00.000
21,4172186,60,M,10,Toys                          ,Juguetes                      ,364,0,2019/06/25 00:00:00.000
24,7794471,, ,2,Levi                          ,Ropa                          ,806,97,2019/07/03 00:00:00.000
24,7794471,, ,4,EPA                           ,Electrodomesticos             ,344,0,2019/07/03 00:00:00.000
24,7794471,, ,5,TCL                           ,Libros                        ,801,96,2019/07/03 00:00:00.000
24,7794471,, ,10,Toys                          ,Juguetes                      ,263,0,2019/07/02 00:00:00.000
26,6868314,, ,2,Levi                          ,Ropa                          ,681,68,2019/07/04 00:00:00.000
31,,72,F,8,MueblesINC                    ,Muebles                       ,766,77,2019/06/24 00:00:00.000
31,,72,F,9,OtraTienda                    ,Accesorios                    ,592,30,2019/06/24 00:00:00.000
31,,72,F,10,Toys                          ,Juguetes                      ,151,0,2019/06/25 00:00:00.000
35,,, ,5,TCL                           ,Libros                        ,682,68,2019/07/05 00:00:00.000
39,7511288,, ,3,Vans                          ,Zapatos                       ,510,26,2019/06/30 00:00:00.000
39,7511288,, ,4,EPA                           ,Electrodomesticos             ,367,0,2019/06/29 00:00:00.000
39,7511288,, ,10,Toys                          ,Juguetes                      ,488,24,2019/06/29 00:00:00.000
43,9096723,66,F,4,EPA                           ,Electrodomesticos             ,348,0,2019/07/07 00:00:00.000
43,9096723,66,F,7,CM                            ,Mercado                       ,882,106,2019/07/06 00:00:00.000
43,9096723,66,F,9,OtraTienda                    ,Accesorios                    ,272,0,2019/07/07 00:00:00.000
43,9096723,66,F,10,Toys                          ,Juguetes                      ,873,105,2019/07/07 00:00:00.000
45,8199435,71,M,2,Levi                          ,Ropa                          ,413,21,2019/07/08 00:00:00.000
45,8199435,71,M,8,MueblesINC                    ,Muebles                       ,311,0,2019/07/08 00:00:00.000
49,7732826,, ,2,Levi                          ,Ropa                          ,621,62,2019/07/03 00:00:00.000
49,7732826,, ,3,Vans                          ,Zapatos                       ,11,0,2019/07/02 00:00:00.000
49,7732826,, ,4,EPA                           ,Electrodomesticos             ,368,0,2019/07/03 00:00:00.000
49,7732826,, ,8,MueblesINC                    ,Muebles                       ,734,73,2019/07/03 00:00:00.000
51,4798683,76,M,3,Vans                          ,Zapatos                       ,361,0,2019/06/27 00:00:00.000
51,4798683,76,M,6,M.A.C.                        ,Perfumes                      ,752,75,2019/06/28 00:00:00.000
51,4798683,76,M,7,CM                            ,Mercado                       ,766,77,2019/06/26 00:00:00.000
51,4798683,76,M,8,MueblesINC                    ,Muebles                       ,778,78,2019/06/27 00:00:00.000
51,4798683,76,M,10,Toys                          ,Juguetes                      ,474,24,2019/06/27 00:00:00.000
53,,52,F,4,EPA                           ,Electrodomesticos             ,246,0,2019/07/03 00:00:00.000
57,3016151,, ,4,EPA                           ,Electrodomesticos             ,225,0,2019/06/20 00:00:00.000
57,3016151,, ,6,M.A.C.                        ,Perfumes                      ,802,96,2019/06/20 00:00:00.000
60,2429528,, ,4,EPA                           ,Electrodomesticos             ,90,0,2019/06/30 00:00:00.000
60,2429528,, ,7,CM                            ,Mercado                       ,454,23,2019/06/30 00:00:00.000
61,,15,M,1,Samsung                       ,Electronicos                  ,356,0,2019/07/10 00:00:00.000
62,6264605,15,M,2,Levi                          ,Ropa                          ,109,0,2019/06/28 00:00:00.000
62,6264605,15,M,2,Levi                          ,Ropa                          ,477,24,2019/06/27 00:00:00.000
62,6264605,15,M,2,Levi                          ,Ropa                          ,746,75,2019/06/27 00:00:00.000
62,6264605,15,M,4,EPA                           ,Electrodomesticos             ,284,0,2019/06/28 00:00:00.000
62,6264605,15,M,9,OtraTienda                    ,Accesorios                    ,705,71,2019/06/27 00:00:00.000
62,6264605,15,M,10,Toys                          ,Juguetes                      ,765,77,2019/06/28 00:00:00.000
62,6264605,15,M,10,Toys                          ,Juguetes                      ,959,115,2019/06/27 00:00:00.000
65,6855778,74,F,1,Samsung                       ,Electronicos                  ,528,26,2019/07/08 00:00:00.000
65,6855778,74,F,1,Samsung                       ,Electronicos                  ,950,114,2019/07/07 00:00:00.000
65,6855778,74,F,5,TCL                           ,Libros                        ,857,103,2019/07/07 00:00:00.000
65,6855778,74,F,6,M.A.C.                        ,Perfumes                      ,324,0,2019/07/08 00:00:00.000
65,6855778,74,F,6,M.A.C.                        ,Perfumes                      ,731,73,2019/07/08 00:00:00.000
65,6855778,74,F,6,M.A.C.                        ,Perfumes                      ,997,120,2019/07/07 00:00:00.000
65,6855778,74,F,7,CM                            ,Mercado                       ,15,0,2019/07/08 00:00:00.000
65,6855778,74,F,7,CM                            ,Mercado                       ,666,67,2019/07/08 00:00:00.000
66,,, ,3,Vans                          ,Zapatos                       ,96,0,2019/06/26 00:00:00.000
66,,, ,3,Vans                          ,Zapatos                       ,365,0,2019/06/26 00:00:00.000
66,,, ,4,EPA                           ,Electrodomesticos             ,536,27,2019/06/27 00:00:00.000
66,,, ,4,EPA                           ,Electrodomesticos             ,539,27,2019/06/27 00:00:00.000
66,2939347,, ,4,EPA                           ,Electrodomesticos             ,775,78,2019/06/25 00:00:00.000
66,2939347,, ,4,EPA                           ,Electrodomesticos             ,868,104,2019/06/25 00:00:00.000
66,2939347,, ,6,M.A.C.                        ,Perfumes                      ,686,69,2019/06/25 00:00:00.000
66,2939347,, ,8,MueblesINC                    ,Muebles                       ,72,0,2019/06/25 00:00:00.000
66,,, ,9,OtraTienda                    ,Accesorios                    ,175,0,2019/06/27 00:00:00.000
70,773496,, ,5,TCL                           ,Libros                        ,66,0,2019/07/10 00:00:00.000
70,773496,, ,7,CM                            ,Mercado                       ,624,62,2019/07/09 00:00:00.000
70,773496,, ,8,MueblesINC                    ,Muebles                       ,583,29,2019/07/10 00:00:00.000
70,773496,, ,8,MueblesINC                    ,Muebles                       ,722,72,2019/07/10 00:00:00.000
72,4911469,77,M,4,EPA                           ,Electrodomesticos             ,458,23,2019/07/10 00:00:00.000
72,4911469,77,M,4,EPA                           ,Electrodomesticos             ,650,65,2019/07/09 00:00:00.000
72,4911469,77,M,5,TCL                           ,Libros                        ,176,0,2019/07/09 00:00:00.000
72,4911469,77,M,8,MueblesINC                    ,Muebles                       ,236,0,2019/07/09 00:00:00.000
73,,27,M,1,Samsung                       ,Electronicos                  ,652,65,2019/06/27 00:00:00.000
73,,27,M,2,Levi                          ,Ropa                          ,604,60,2019/06/27 00:00:00.000
73,,27,M,8,MueblesINC                    ,Muebles                       ,786,79,2019/06/28 00:00:00.000
73,,27,M,9,OtraTienda                    ,Accesorios                    ,870,104,2019/06/26 00:00:00.000
77,4497232,, ,2,Levi                          ,Ropa                          ,581,29,2019/07/04 00:00:00.000
77,4497232,, ,5,TCL                           ,Libros                        ,747,75,2019/07/04 00:00:00.000
77,4497232,, ,7,CM                            ,Mercado                       ,266,0,2019/07/04 00:00:00.000
77,4497232,, ,7,CM                            ,Mercado                       ,410,21,2019/07/04 00:00:00.000
77,4497232,, ,7,CM                            ,Mercado                       ,732,73,2019/07/04 00:00:00.000
77,4497232,, ,10,Toys                          ,Juguetes                      ,957,115,2019/07/04 00:00:00.000
79,849451,, ,1,Samsung                       ,Electronicos                  ,730,73,2019/07/04 00:00:00.000
79,849451,, ,4,EPA                           ,Electrodomesticos             ,186,0,2019/07/05 00:00:00.000
79,849451,, ,4,EPA                           ,Electrodomesticos             ,240,0,2019/07/05 00:00:00.000
79,849451,, ,5,TCL                           ,Libros                        ,603,60,2019/07/05 00:00:00.000
79,849451,, ,9,OtraTienda                    ,Accesorios                    ,127,0,2019/07/05 00:00:00.000
81,,, ,7,CM                            ,Mercado                       ,981,118,2019/07/02 00:00:00.000
81,,, ,9,OtraTienda                    ,Accesorios                    ,284,0,2019/07/03 00:00:00.000
81,,, ,9,OtraTienda                    ,Accesorios                    ,956,115,2019/07/03 00:00:00.000
84,6729176,, ,3,Vans                          ,Zapatos                       ,689,69,2019/07/03 00:00:00.000
84,6729176,, ,4,EPA                           ,Electrodomesticos             ,30,0,2019/06/21 00:00:00.000
84,6729176,, ,7,CM                            ,Mercado                       ,337,0,2019/06/21 00:00:00.000
88,,, ,8,MueblesINC                    ,Muebles                       ,548,27,2019/07/09 00:00:00.000
88,,, ,8,MueblesINC                    ,Muebles                       ,891,107,2019/07/09 00:00:00.000
91,825854,60,M,2,Levi                          ,Ropa                          ,645,65,2019/06/28 00:00:00.000
91,825854,60,M,6,M.A.C.                        ,Perfumes                      ,688,69,2019/06/28 00:00:00.000
92,2392291,, ,6,M.A.C.                        ,Perfumes                      ,438,22,2019/06/25 00:00:00.000
92,2392291,, ,8,MueblesINC                    ,Muebles                       ,441,22,2019/06/25 00:00:00.000
92,2392291,, ,8,MueblesINC                    ,Muebles                       ,653,65,2019/06/25 00:00:00.000
92,2392291,, ,9,OtraTienda                    ,Accesorios                    ,132,0,2019/06/25 00:00:00.000
92,2392291,, ,9,OtraTienda                    ,Accesorios                    ,904,108,2019/06/24 00:00:00.000
97,8933226,, ,5,TCL                           ,Libros                        ,64,0,2019/07/03 00:00:00.000
97,8933226,, ,7,CM                            ,Mercado                       ,654,65,2019/06/23 00:00:00.000
97,8933226,, ,8,MueblesINC                    ,Muebles                       ,95,0,2019/07/03 00:00:00.000
101,,36,M,7,CM                            ,Mercado                       ,844,101,2019/06/28 00:00:00.000
101,,36,M,8,MueblesINC                    ,Muebles                       ,18,0,2019/06/28 00:00:00.000
101,,36,M,9,OtraTienda                    ,Accesorios                    ,29,0,2019/06/27 00:00:00.000
101,,36,M,10,Toys                          ,Juguetes                      ,268,0,2019/06/27 00:00:00.000
103,342720,, ,4,EPA                           ,Electrodomesticos             ,996,120,2019/07/04 00:00:00.000
108,2383963,, ,1,Samsung                       ,Electronicos                  ,829,99,2019/07/03 00:00:00.000
108,2383963,, ,4,EPA                           ,Electrodomesticos             ,745,75,2019/07/03 00:00:00.000
108,2383963,, ,6,M.A.C.                        ,Perfumes                      ,249,0,2019/07/03 00:00:00.000
108,2383963,, ,6,M.A.C.                        ,Perfumes                      ,403,20,2019/07/03 00:00:00.000
108,2383963,, ,10,Toys                          ,Juguetes                      ,729,73,2019/07/03 00:00:00.000
109,,, ,1,Samsung                       ,Electronicos                  ,229,0,2019/07/03 00:00:00.000
109,,, ,10,Toys                          ,Juguetes                      ,688,69,2019/07/03 00:00:00.000
114,1242091,, ,1,Samsung                       ,Electronicos                  ,230,0,2019/06/28 00:00:00.000
114,1242091,, ,8,MueblesINC                    ,Muebles                       ,414,21,2019/06/27 00:00:00.000
114,1242091,, ,9,OtraTienda                    ,Accesorios                    ,831,100,2019/06/28 00:00:00.000
116,2189902,, ,1,Samsung                       ,Electronicos                  ,132,0,2019/06/27 00:00:00.000
116,2189902,, ,7,CM                            ,Mercado                       ,820,98,2019/06/27 00:00:00.000
122,3541137,, ,1,Samsung                       ,Electronicos                  ,325,0,2019/07/09 00:00:00.000
122,3541137,, ,4,EPA                           ,Electrodomesticos             ,756,76,2019/07/09 00:00:00.000
123,4583686,, ,6,M.A.C.                        ,Perfumes                      ,408,20,2019/06/27 00:00:00.000
123,4583686,, ,9,OtraTienda                    ,Accesorios                    ,513,26,2019/06/27 00:00:00.000
125,5101742,48,M,1,Samsung                       ,Electronicos                  ,171,0,2019/07/10 00:00:00.000
125,5101742,48,M,2,Levi                          ,Ropa                          ,194,0,2019/06/21 00:00:00.000
125,5101742,48,M,3,Vans                          ,Zapatos                       ,316,0,2019/07/11 00:00:00.000
125,5101742,48,M,3,Vans                          ,Zapatos                       ,774,77,2019/06/26 00:00:00.000
125,5101742,48,M,3,Vans                          ,Zapatos                       ,867,104,2019/07/11 00:00:00.000
125,5101742,48,M,7,CM                            ,Mercado                       ,69,0,2019/06/20 00:00:00.000
125,5101742,48,M,7,CM                            ,Mercado                       ,875,105,2019/07/11 00:00:00.000
125,5101742,48,M,9,OtraTienda                    ,Accesorios                    ,170,0,2019/07/11 00:00:00.000
125,5101742,48,M,10,Toys                          ,Juguetes                      ,389,0,2019/07/11 00:00:00.000
128,9565366,, ,1,Samsung                       ,Electronicos                  ,751,75,2019/06/30 00:00:00.000
128,9565366,, ,1,Samsung                       ,Electronicos                  ,809,97,2019/06/30 00:00:00.000
128,9565366,, ,2,Levi                          ,Ropa                          ,860,103,2019/06/30 00:00:00.000
128,,, ,4,EPA                           ,Electrodomesticos             ,30,0,2019/07/06 00:00:00.000
128,,, ,4,EPA                           ,Electrodomesticos             ,729,73,2019/07/06 00:00:00.000
128,,, ,6,M.A.C.                        ,Perfumes                      ,95,0,2019/07/07 00:00:00.000
128,,, ,6,M.A.C.                        ,Perfumes                      ,759,76,2019/07/05 00:00:00.000
128,9565366,, ,8,MueblesINC                    ,Muebles                       ,318,0,2019/06/29 00:00:00.000
128,,, ,9,OtraTienda                    ,Accesorios                    ,256,0,2019/07/06 00:00:00.000
128,9565366,, ,9,OtraTienda                    ,Accesorios                    ,359,0,2019/06/30 00:00:00.000
130,1521795,, ,1,Samsung                       ,Electronicos                  ,88,0,2019/07/09 00:00:00.000
130,1521795,, ,2,Levi                          ,Ropa                          ,752,75,2019/07/08 00:00:00.000
130,1521795,, ,3,Vans                          ,Zapatos                       ,941,113,2019/07/09 00:00:00.000
130,1521795,, ,6,M.A.C.                        ,Perfumes                      ,449,22,2019/07/09 00:00:00.000
130,1521795,, ,7,CM                            ,Mercado                       ,606,61,2019/07/09 00:00:00.000
130,1521795,, ,7,CM                            ,Mercado                       ,745,75,2019/07/08 00:00:00.000
132,567213,, ,2,Levi                          ,Ropa                          ,50,0,2019/07/03 00:00:00.000
132,567213,, ,2,Levi                          ,Ropa                          ,136,0,2019/07/03 00:00:00.000
132,567213,, ,4,EPA                           ,Electrodomesticos             ,858,103,2019/07/02 00:00:00.000
132,567213,, ,9,OtraTienda                    ,Accesorios                    ,598,30,2019/07/02 00:00:00.000
135,6744749,, ,1,Samsung                       ,Electronicos                  ,725,73,2019/06/21 00:00:00.000
137,9420445,, ,1,Samsung                       ,Electronicos                  ,755,76,2019/06/23 00:00:00.000
137,9420445,, ,3,Vans                          ,Zapatos                       ,276,0,2019/06/24 00:00:00.000
137,9420445,, ,5,TCL                           ,Libros                        ,541,27,2019/06/23 00:00:00.000
137,9420445,, ,5,TCL                           ,Libros                        ,596,30,2019/06/23 00:00:00.000
137,9420445,, ,6,M.A.C.                        ,Perfumes                      ,111,0,2019/06/22 00:00:00.000
137,9420445,, ,6,M.A.C.                        ,Perfumes                      ,967,116,2019/06/25 00:00:00.000
137,9420445,, ,7,CM                            ,Mercado                       ,431,22,2019/06/23 00:00:00.000
137,9420445,, ,7,CM                            ,Mercado                       ,527,26,2019/06/23 00:00:00.000
137,9420445,, ,8,MueblesINC                    ,Muebles                       ,349,0,2019/06/23 00:00:00.000
137,9420445,, ,8,MueblesINC                    ,Muebles                       ,369,0,2019/06/22 00:00:00.000
138,,71,M,1,Samsung                       ,Electronicos                  ,360,0,2019/06/28 00:00:00.000
142,,, ,2,Levi                          ,Ropa                          ,234,0,2019/07/01 00:00:00.000
142,,, ,2,Levi                          ,Ropa                          ,732,73,2019/06/30 00:00:00.000
142,,, ,2,Levi                          ,Ropa                          ,926,111,2019/06/30 00:00:00.000
142,,, ,3,Vans                          ,Zapatos                       ,244,0,2019/06/30 00:00:00.000
142,2126210,, ,3,Vans                          ,Zapatos                       ,582,29,2019/07/06 00:00:00.000
142,,, ,4,EPA                           ,Electrodomesticos             ,801,96,2019/06/29 00:00:00.000
142,2126210,, ,5,TCL                           ,Libros                        ,817,98,2019/07/05 00:00:00.000
142,2126210,, ,6,M.A.C.                        ,Perfumes                      ,705,71,2019/07/06 00:00:00.000
142,2126210,, ,7,CM                            ,Mercado                       ,460,23,2019/07/05 00:00:00.000
142,2126210,, ,9,OtraTienda                    ,Accesorios                    ,474,24,2019/07/06 00:00:00.000
142,2126210,, ,10,Toys                          ,Juguetes                      ,81,0,2019/07/05 00:00:00.000
142,2126210,, ,10,Toys                          ,Juguetes                      ,700,70,2019/07/05 00:00:00.000
143,8244665,46,F,6,M.A.C.                        ,Perfumes                      ,930,112,2019/06/29 00:00:00.000
145,9762970,37,F,2,Levi                          ,Ropa                          ,410,21,2019/07/01 00:00:00.000
145,9762970,37,F,3,Vans                          ,Zapatos                       ,430,22,2019/07/02 00:00:00.000
145,9762970,37,F,6,M.A.C.                        ,Perfumes                      ,666,67,2019/07/01 00:00:00.000
145,9762970,37,F,8,MueblesINC                    ,Muebles                       ,483,24,2019/07/02 00:00:00.000
145,9762970,37,F,10,Toys                          ,Juguetes                      ,198,0,2019/07/03 00:00:00.000
146,6530552,, ,1,Samsung                       ,Electronicos                  ,84,0,2019/06/29 00:00:00.000
146,6530552,, ,7,CM                            ,Mercado                       ,257,0,2019/06/22 00:00:00.000
146,6530552,, ,8,MueblesINC                    ,Muebles                       ,566,28,2019/06/28 00:00:00.000
146,6530552,, ,9,OtraTienda                    ,Accesorios                    ,467,23,2019/06/22 00:00:00.000
150,5737337,, ,3,Vans                          ,Zapatos                       ,554,28,2019/06/28 00:00:00.000
150,5737337,, ,4,EPA                           ,Electrodomesticos             ,937,112,2019/06/28 00:00:00.000
152,1999498,, ,1,Samsung                       ,Electronicos                  ,346,0,2019/07/10 00:00:00.000
152,1999498,, ,1,Samsung                       ,Electronicos                  ,607,61,2019/07/11 00:00:00.000
152,1999498,, ,1,Samsung                       ,Electronicos                  ,731,73,2019/07/11 00:00:00.000
152,1999498,, ,2,Levi                          ,Ropa                          ,833,100,2019/07/10 00:00:00.000
152,1999498,, ,3,Vans                          ,Zapatos                       ,648,65,2019/07/10 00:00:00.000
152,1999498,, ,4,EPA                           ,Electrodomesticos             ,118,0,2019/07/10 00:00:00.000
152,1999498,, ,4,EPA                           ,Electrodomesticos             ,356,0,2019/07/10 00:00:00.000
152,1999498,, ,4,EPA                           ,Electrodomesticos             ,684,68,2019/07/11 00:00:00.000
152,1999498,, ,5,TCL                           ,Libros                        ,324,0,2019/07/11 00:00:00.000
152,1999498,, ,5,TCL                           ,Libros                        ,558,28,2019/07/10 00:00:00.000
152,1999498,, ,6,M.A.C.                        ,Perfumes                      ,226,0,2019/07/08 00:00:00.000
152,1999498,, ,6,M.A.C.                        ,Perfumes                      ,235,0,2019/07/08 00:00:00.000
152,1999498,, ,6,M.A.C.                        ,Perfumes                      ,320,0,2019/07/10 00:00:00.000
152,1999498,, ,7,CM                            ,Mercado                       ,6,0,2019/07/10 00:00:00.000
152,1999498,, ,7,CM                            ,Mercado                       ,468,23,2019/07/10 00:00:00.000
152,1999498,, ,8,MueblesINC                    ,Muebles                       ,781,78,2019/07/10 00:00:00.000
152,1999498,, ,9,OtraTienda                    ,Accesorios                    ,77,0,2019/07/09 00:00:00.000
152,1999498,, ,9,OtraTienda                    ,Accesorios                    ,110,0,2019/07/11 00:00:00.000
152,1999498,, ,9,OtraTienda                    ,Accesorios                    ,597,30,2019/07/09 00:00:00.000
152,1999498,, ,9,OtraTienda                    ,Accesorios                    ,804,96,2019/07/07 00:00:00.000
152,1999498,, ,10,Toys                          ,Juguetes                      ,633,63,2019/07/08 00:00:00.000
153,1713023,, ,1,Samsung                       ,Electronicos                  ,199,0,2019/07/05 00:00:00.000
153,1713023,, ,4,EPA                           ,Electrodomesticos             ,499,25,2019/07/07 00:00:00.000
153,1713023,, ,8,MueblesINC                    ,Muebles                       ,137,0,2019/07/06 00:00:00.000
153,1713023,, ,8,MueblesINC                    ,Muebles                       ,264,0,2019/07/06 00:00:00.000
156,,, ,8,MueblesINC                    ,Muebles                       ,783,78,2019/07/02 00:00:00.000
162,,65,M,1,Samsung                       ,Electronicos                  ,200,0,2019/06/28 00:00:00.000
162,4695298,65,M,2,Levi                          ,Ropa                          ,557,28,2019/07/02 00:00:00.000
162,,65,M,3,Vans                          ,Zapatos                       ,348,0,2019/06/29 00:00:00.000
162,4695298,65,M,9,OtraTienda                    ,Accesorios                    ,13,0,2019/07/02 00:00:00.000
162,4695298,65,M,10,Toys                          ,Juguetes                      ,612,61,2019/07/02 00:00:00.000
163,7925686,, ,1,Samsung                       ,Electronicos                  ,399,0,2019/07/04 00:00:00.000
163,7925686,, ,6,M.A.C.                        ,Perfumes                      ,236,0,2019/07/03 00:00:00.000
163,7925686,, ,8,MueblesINC                    ,Muebles                       ,581,29,2019/06/24 00:00:00.000
163,7925686,, ,10,Toys                          ,Juguetes                      ,437,22,2019/06/23 00:00:00.000
164,9054207,13,M,2,Levi                          ,Ropa                          ,160,0,2019/06/29 00:00:00.000
164,9054207,13,M,2,Levi                          ,Ropa                          ,349,0,2019/06/29 00:00:00.000
164,9054207,13,M,2,Levi                          ,Ropa                          ,856,103,2019/06/30 00:00:00.000
164,9054207,13,M,5,TCL                           ,Libros                        ,591,30,2019/06/30 00:00:00.000
164,9054207,13,M,7,CM                            ,Mercado                       ,928,111,2019/06/30 00:00:00.000
168,9752127,26,F,1,Samsung                       ,Electronicos                  ,682,68,2019/06/26 00:00:00.000
168,9752127,26,F,2,Levi                          ,Ropa                          ,465,23,2019/06/25 00:00:00.000
168,9752127,26,F,3,Vans                          ,Zapatos                       ,188,0,2019/06/24 00:00:00.000
168,9752127,26,F,3,Vans                          ,Zapatos                       ,520,26,2019/06/25 00:00:00.000
168,9752127,26,F,9,OtraTienda                    ,Accesorios                    ,488,24,2019/06/25 00:00:00.000
169,8230357,32,F,8,MueblesINC                    ,Muebles                       ,200,0,2019/06/26 00:00:00.000
169,8230357,32,F,10,Toys                          ,Juguetes                      ,289,0,2019/06/27 00:00:00.000
170,6489069,21,F,5,TCL                           ,Libros                        ,574,29,2019/06/22 00:00:00.000
170,6489069,21,F,8,MueblesINC                    ,Muebles                       ,501,25,2019/06/21 00:00:00.000
174,,77,F,2,Levi                          ,Ropa                          ,318,0,2019/07/04 00:00:00.000
174,,77,F,2,Levi                          ,Ropa                          ,583,29,2019/07/02 00:00:00.000
174,,77,F,3,Vans                          ,Zapatos                       ,59,0,2019/07/04 00:00:00.000
174,,77,F,10,Toys                          ,Juguetes                      ,998,120,2019/07/04 00:00:00.000
175,7876591,, ,1,Samsung                       ,Electronicos                  ,646,65,2019/07/11 00:00:00.000
175,7876591,, ,2,Levi                          ,Ropa                          ,934,112,2019/07/11 00:00:00.000
175,7876591,, ,4,EPA                           ,Electrodomesticos             ,234,0,2019/07/11 00:00:00.000
177,5510371,, ,5,TCL                           ,Libros                        ,489,24,2019/07/05 00:00:00.000
177,5510371,, ,5,TCL                           ,Libros                        ,603,60,2019/07/04 00:00:00.000
178,,, ,1,Samsung                       ,Electronicos                  ,849,102,2019/06/27 00:00:00.000
178,,, ,5,TCL                           ,Libros                        ,911,109,2019/06/27 00:00:00.000
178,,, ,7,CM                            ,Mercado                       ,957,115,2019/06/28 00:00:00.000
178,,, ,9,OtraTienda                    ,Accesorios                    ,365,0,2019/06/28 00:00:00.000
182,,, ,2,Levi                          ,Ropa                          ,419,21,2019/07/07 00:00:00.000
182,,, ,4,EPA                           ,Electrodomesticos             ,859,103,2019/07/08 00:00:00.000
182,,, ,8,MueblesINC                    ,Muebles                       ,349,0,2019/07/08 00:00:00.000
182,,, ,10,Toys                          ,Juguetes                      ,380,0,2019/07/08 00:00:00.000
199,,14,F,7,CM                            ,Mercado                       ,608,61,2019/06/24 00:00:00.000
199,,14,F,10,Toys                          ,Juguetes                      ,55,0,2019/06/23 00:00:00.000
200,573225,, ,7,CM                            ,Mercado                       ,839,101,2019/06/25 00:00:00.000
203,9341826,, ,2,Levi                          ,Ropa                          ,796,80,2019/07/03 00:00:00.000
203,9341826,, ,4,EPA                           ,Electrodomesticos             ,217,0,2019/06/27 00:00:00.000
203,9341826,, ,4,EPA                           ,Electrodomesticos             ,906,109,2019/06/27 00:00:00.000
203,9341826,, ,5,TCL                           ,Libros                        ,640,64,2019/07/03 00:00:00.000
203,9341826,, ,6,M.A.C.                        ,Perfumes                      ,123,0,2019/07/02 00:00:00.000
203,9341826,, ,6,M.A.C.                        ,Perfumes                      ,130,0,2019/07/04 00:00:00.000
203,9341826,, ,7,CM                            ,Mercado                       ,181,0,2019/06/27 00:00:00.000
203,9341826,, ,7,CM                            ,Mercado                       ,630,63,2019/06/26 00:00:00.000
203,9341826,, ,8,MueblesINC                    ,Muebles                       ,64,0,2019/07/03 00:00:00.000
203,9341826,, ,9,OtraTienda                    ,Accesorios                    ,882,106,2019/07/04 00:00:00.000
203,9341826,, ,9,OtraTienda                    ,Accesorios                    ,903,108,2019/06/26 00:00:00.000
203,9341826,, ,10,Toys                          ,Juguetes                      ,101,0,2019/06/27 00:00:00.000
204,,23,M,2,Levi                          ,Ropa                          ,258,0,2019/07/05 00:00:00.000
204,,23,M,4,EPA                           ,Electrodomesticos             ,861,103,2019/07/04 00:00:00.000
204,,23,M,7,CM                            ,Mercado                       ,300,0,2019/07/05 00:00:00.000
204,,23,M,7,CM                            ,Mercado                       ,756,76,2019/07/05 00:00:00.000
204,,23,M,8,MueblesINC                    ,Muebles                       ,231,0,2019/07/05 00:00:00.000
204,,23,M,8,MueblesINC                    ,Muebles                       ,636,64,2019/07/05 00:00:00.000
209,,, ,3,Vans                          ,Zapatos                       ,259,0,2019/07/09 00:00:00.000
209,,, ,6,M.A.C.                        ,Perfumes                      ,217,0,2019/07/09 00:00:00.000
211,4359311,, ,5,TCL                           ,Libros                        ,572,29,2019/06/24 00:00:00.000
211,4359311,, ,9,OtraTienda                    ,Accesorios                    ,308,0,2019/06/24 00:00:00.000
211,4359311,, ,9,OtraTienda                    ,Accesorios                    ,756,76,2019/06/24 00:00:00.000
212,5721185,75,M,2,Levi                          ,Ropa                          ,435,22,2019/06/28 00:00:00.000
212,5721185,75,M,5,TCL                           ,Libros                        ,294,0,2019/06/29 00:00:00.000
219,6434075,, ,8,MueblesINC                    ,Muebles                       ,706,71,2019/06/29 00:00:00.000
223,,, ,2,Levi                          ,Ropa                          ,34,0,2019/06/30 00:00:00.000
223,,, ,3,Vans                          ,Zapatos                       ,934,112,2019/07/10 00:00:00.000
223,,, ,4,EPA                           ,Electrodomesticos             ,25,0,2019/07/10 00:00:00.000
223,830013,, ,5,TCL                           ,Libros                        ,26,0,2019/07/10 00:00:00.000
223,,, ,5,TCL                           ,Libros                        ,132,0,2019/06/30 00:00:00.000
223,,, ,5,TCL                           ,Libros                        ,185,0,2019/07/09 00:00:00.000
223,,, ,6,M.A.C.                        ,Perfumes                      ,646,65,2019/06/30 00:00:00.000
223,830013,, ,7,CM                            ,Mercado                       ,460,23,2019/07/09 00:00:00.000
223,,, ,8,MueblesINC                    ,Muebles                       ,236,0,2019/07/01 00:00:00.000
223,830013,, ,9,OtraTienda                    ,Accesorios                    ,63,0,2019/07/10 00:00:00.000
223,,, ,10,Toys                          ,Juguetes                      ,852,102,2019/07/10 00:00:00.000
224,2361394,78,F,2,Levi                          ,Ropa                          ,110,0,2019/06/23 00:00:00.000
224,2361394,78,F,3,Vans                          ,Zapatos                       ,156,0,2019/06/23 00:00:00.000
224,2361394,78,F,4,EPA                           ,Electrodomesticos             ,406,20,2019/06/29 00:00:00.000
224,2361394,78,F,4,EPA                           ,Electrodomesticos             ,631,63,2019/06/22 00:00:00.000
224,2361394,78,F,6,M.A.C.                        ,Perfumes                      ,533,27,2019/06/23 00:00:00.000
224,2361394,78,F,7,CM                            ,Mercado                       ,112,0,2019/06/23 00:00:00.000
224,2361394,78,F,9,OtraTienda                    ,Accesorios                    ,197,0,2019/06/23 00:00:00.000
225,9401375,, ,3,Vans                          ,Zapatos                       ,507,25,2019/07/06 00:00:00.000
225,9401375,, ,4,EPA                           ,Electrodomesticos             ,274,0,2019/07/05 00:00:00.000
225,9401375,, ,8,MueblesINC                    ,Muebles                       ,675,68,2019/07/05 00:00:00.000
225,9401375,, ,10,Toys                          ,Juguetes                      ,817,98,2019/07/04 00:00:00.000
227,,60,F,5,TCL                           ,Libros                        ,591,30,2019/07/06 00:00:00.000
227,,60,F,10,Toys                          ,Juguetes                      ,371,0,2019/07/06 00:00:00.000
227,,60,F,10,Toys                          ,Juguetes                      ,532,27,2019/07/05 00:00:00.000
228,,40,M,4,EPA                           ,Electrodomesticos             ,191,0,2019/07/03 00:00:00.000
228,,40,M,5,TCL                           ,Libros                        ,627,63,2019/07/02 00:00:00.000
228,,40,M,8,MueblesINC                    ,Muebles                       ,435,22,2019/07/03 00:00:00.000
231,9487236,, ,2,Levi                          ,Ropa                          ,696,70,2019/07/01 00:00:00.000
231,9487236,, ,3,Vans                          ,Zapatos                       ,460,23,2019/07/02 00:00:00.000
231,9487236,, ,5,TCL                           ,Libros                        ,187,0,2019/07/02 00:00:00.000
231,9487236,, ,6,M.A.C.                        ,Perfumes                      ,506,25,2019/07/02 00:00:00.000
231,9487236,, ,7,CM                            ,Mercado                       ,735,74,2019/07/01 00:00:00.000
232,4526968,, ,3,Vans                          ,Zapatos                       ,287,0,2019/07/02 00:00:00.000
238,5596179,, ,2,Levi                          ,Ropa                          ,978,117,2019/06/28 00:00:00.000
238,5596179,, ,3,Vans                          ,Zapatos                       ,8,0,2019/06/27 00:00:00.000
238,5596179,, ,6,M.A.C.                        ,Perfumes                      ,362,0,2019/06/27 00:00:00.000
238,5596179,, ,6,M.A.C.                        ,Perfumes                      ,991,119,2019/06/28 00:00:00.000
243,,37,F,1,Samsung                       ,Electronicos                  ,193,0,2019/06/22 00:00:00.000
243,,37,F,3,Vans                          ,Zapatos                       ,211,0,2019/06/22 00:00:00.000
243,,37,F,3,Vans                          ,Zapatos                       ,366,0,2019/06/23 00:00:00.000
243,,37,F,4,EPA                           ,Electrodomesticos             ,171,0,2019/06/22 00:00:00.000
243,,37,F,6,M.A.C.                        ,Perfumes                      ,202,0,2019/06/21 00:00:00.000
243,,37,F,7,CM                            ,Mercado                       ,69,0,2019/06/21 00:00:00.000
244,,, ,1,Samsung                       ,Electronicos                  ,295,0,2019/06/21 00:00:00.000
244,,, ,5,TCL                           ,Libros                        ,732,73,2019/06/22 00:00:00.000
244,,, ,9,OtraTienda                    ,Accesorios                    ,609,61,2019/06/22 00:00:00.000
246,,, ,5,TCL                           ,Libros                        ,748,75,2019/06/21 00:00:00.000
246,,, ,5,TCL                           ,Libros                        ,881,106,2019/06/21 00:00:00.000
246,,, ,6,M.A.C.                        ,Perfumes                      ,437,22,2019/06/21 00:00:00.000
250,8374966,53,F,1,Samsung                       ,Electronicos                  ,782,78,2019/06/30 00:00:00.000
250,8374966,53,F,4,EPA                           ,Electrodomesticos             ,57,0,2019/06/29 00:00:00.000
250,8374966,53,F,5,TCL                           ,Libros                        ,622,62,2019/06/30 00:00:00.000
250,8374966,53,F,7,CM                            ,Mercado                       ,400,20,2019/06/30 00:00:00.000
250,8374966,53,F,8,MueblesINC                    ,Muebles                       ,442,22,2019/06/30 00:00:00.000
250,8374966,53,F,8,MueblesINC                    ,Muebles                       ,535,27,2019/06/29 00:00:00.000
